{"coco/bbox_mAP": 0.219, "coco/bbox_mAP_50": 0.388, "coco/bbox_mAP_75": 0.24, "coco/bbox_mAP_s": 0.062, "coco/bbox_mAP_m": 0.228, "coco/bbox_mAP_l": 0.274, "data_time": 0.0022998467469826723, "time": 0.03995491908146785}