Model,mAP,mAP_50,FPS
FCOS,0.219,0.388,30.22802330393219
YOLOv8s,0.5630429011878185,0.8089382297011922,214.38021192688117
