{"coco/bbox_mAP": 0.219, "coco/bbox_mAP_50": 0.388, "coco/bbox_mAP_75": 0.24, "coco/bbox_mAP_s": 0.062, "coco/bbox_mAP_m": 0.228, "coco/bbox_mAP_l": 0.274, "data_time": 0.002278288205464681, "time": 0.03962994233155862}