{"coco/bbox_mAP": 0.037, "coco/bbox_mAP_50": 0.113, "coco/bbox_mAP_75": 0.023, "coco/bbox_mAP_s": 0.003, "coco/bbox_mAP_m": 0.022, "coco/bbox_mAP_l": 0.061, "data_time": 0.003112939687875601, "time": 0.03454363651764698}